realCount,predictedCount
341,415.1753529092558
270,337.2184154060217
234,250.1868927038428
180,167.37902762397826
136,91.03839832905422
93,31.00746647067249
56,8.971250610344356
34,23.917647583670608
9,60.32148901461056
13,115.4447860587702
33,178.106361069387
67,236.14668980445146
178,296.89986317937354
335,338.6285311239472
411,378.1702127779064
522,451.5433531431795
559,476.8239607153635
659,507.05841178978136
615,530.6418283302295
590,563.1059505615245
591,560.0196339970541
576,551.5193455379734
546,545.4695160374309
439,505.77123832297076
287,463.4174304536317
230,342.15343197992104
274,224.9739769597457
176,161.03289557714143
98,82.35230696048664
94,32.08683094268608
82,22.31639782311652
28,42.46081944044221
9,80.80185630471497
12,125.95291199674976
21,190.20605017582253
60,249.5090037550091
156,305.3297018196113
222,393.9451243520329
350,419.52250628460064
428,452.76899722335946
531,469.9470544905508
602,493.10826485486854
552,527.2733156207923
499,560.3585067457989
564,581.9042191264355
478,584.3708944212567
389,538.946313634223
339,485.5809515186034
230,432.49658066397666
169,354.7321573101403
131,255.41225488669758
74,180.5996274573195
35,97.77734539533064
11,58.82598237890924
2,56.76076182197167
2,59.99015600469773
6,94.14227912931366
26,141.7518951851794
65,127.13383887318868
75,168.4509984042781
156,202.6997805446735
110,217.54877648297202
59,223.95667499033354
79,322.3244303037264
185,325.43051949628364
176,368.3828694038657
171,389.01740027513597
196,412.6237854357006
111,353.69667630643556
229,315.4498473696668
300,404.5735583539785
304,309.37861852111024
189,328.70903025393227
152,272.5317719241786
129,206.02903269974212
75,136.64226544474764
32,73.64608845656409
19,4.036259055752208
4,31.25677349300172
6,15.699559203497524
5,31.87449165324649
8,82.51407057320156
24,128.61904055215982
92,167.0639646702984
409,266.6887070077009
355,291.5324470005816
171,353.64398049598464
224,356.4095597361
264,395.36069499731457
239,280.53038300928563
184,391.53056494895645
256,422.3648783938743
374,496.79818081742576
678,504.7715723425527
733,500.06611697123026
512,464.0248389083149
263,313.6197502542857
109,253.3073180549329
83,236.15427362025267
71,88.01497916246664
39,67.76932868128958
21,38.82477096334732
19,38.76501537430769
6,53.451141277387855
4,93.54354279641169
38,143.89592502691656
158,199.0673184896917
440,241.16633633180834
650,279.2588808774484
347,310.7486288974675
192,337.6125211290325
267,369.55281759841176
330,398.5275854390676
350,384.31655464117785
263,429.24349384711275
274,430.9339307869325
446,488.881483256186
873,523.5006691540448
846,518.208905440192
590,485.54636398106635
459,417.0768965601641
393,335.60489400587903
286,253.8346963280606
133,168.74254696620122
79,105.85190057189786
28,54.01429286865047
16,51.08506656165265
3,73.5755815007284
16,109.6551413886253
35,157.3407417539257
159,214.83972729543558
474,266.92342187673324
634,306.4765223241655
346,336.81880917516156
205,353.426122879026
279,369.0128901654714
348,425.57709217719645
327,443.44516101416707
270,462.918692170967
316,493.5114404030126
430,507.8343357924374
852,516.179247602968
868,510.4841028750992
537,483.4252584197246
446,427.90855023394187
299,327.77765484794895
251,242.9759566938886
166,165.31253705679268
70,98.28483713435816
49,55.7734164805593
21,46.933106022569824
14,62.42271590124364
11,105.1744301533898
34,155.71814419748836
182,215.01790364889152
515,265.5810175315686
745,296.49808094399424
361,321.6061099753531
255,378.88377461299814
334,384.7146936087116
360,418.083295078349
395,431.51595381473896
350,448.6112458689348
391,484.13073002270113
568,512.1022023542062
812,516.9688030106806
669,519.1051198574934
483,488.2067956603254
337,430.0191726395683
258,348.87724172656675
251,251.45695197968575
174,155.05150744005792
148,84.55607641877569
104,29.053666385871885
69,19.394921016170983
33,35.12496030381035
14,68.95044043816726
12,116.9709871317202
50,180.61614762051298
95,245.31833596032408
195,310.78894339986766
292,359.1142725837671
452,377.296823059027
586,458.4355622644213
642,462.15236264403916
704,497.0466987063689
730,533.6405842229265
672,566.9256951804299
642,579.1988250366954
626,587.2875831894786
645,571.9978674072523
432,535.5311294866847
315,472.8128101956232
259,375.82622163196635
338,284.2249878832293
239,193.13461214311184
86,133.42072856789918
34,84.4851376833844
16,67.04628474444524
4,61.49304062178909
6,96.20558132289354
45,145.34981389687474
141,142.83201244991804
402,223.47144004232192
694,259.4567228183552
298,290.76120497952576
204,324.9058908939527
235,364.4061542948305
310,381.3567502902933
316,454.5889644166682
254,341.00025783841545
258,370.56171597674245
222,411.57520545597043
227,403.7245404751368
110,344.1957359051949
45,328.14876402888973
39,276.1077682753034
85,263.36066125312783
23,173.6457966279374
73,110.53501661514358
86,68.6224734568539
76,30.29096921072762
41,9.407576859825138
26,51.34751715434525
13,94.56843721944281
12,142.19970775978155
36,199.54688297743462
86,262.8952451265373
210,322.4832743396004
332,370.3301217632273
493,440.40008310454186
536,437.7077087050588
668,496.426400495978
679,527.0390204575982
647,555.2635862650385
702,582.6856048526178
644,602.5430216143656
586,602.194214225032
512,586.409777703286
554,551.4891690748161
399,481.07180084434685
316,391.14185088460175
228,275.80451925484283
238,178.51599503653387
169,101.00630806917289
121,58.52388465727144
89,36.804846895184895
50,49.751015144783125
13,82.68092437369098
12,136.04869715972973
22,195.64324272273868
35,265.61572714561703
140,321.507309806437
300,403.4927161571096
404,440.18436346328593
511,469.2200732369926
684,495.567542101551
686,530.5843433902071
678,563.0692542244785
644,560.8678579214802
662,610.8927123900138
578,616.3098257670066
496,603.3440900937716
453,566.6150893837256
314,487.91423671036137
246,396.3292644863208
226,293.2385615876733
108,183.45241098484362
49,111.62630496967051
14,49.37381380610774
11,72.13406783405453
5,71.22075023348754
8,112.53273556620493
35,159.00923709334535
139,214.87818126990535
517,277.7310527059505
665,325.59147599286405
282,357.8960109526973
187,388.9851153800114
239,410.4433395775323
282,434.40114854261947
274,458.8637055637619
270,485.1237116886955
292,509.83662059565887
448,537.314660909069
834,547.2666807916254
822,539.0208538670253
645,500.0357626375023
461,437.7221214533714
265,356.86213878937764
168,273.7926404661096
86,199.74003003625492
34,129.2418164787768
20,68.4546125928908
8,26.02673455633162
5,32.47934118052539
5,67.17812768413164
36,111.6552926718022
184,240.66418672654956
569,292.9548139467326
710,308.8516473225529
335,331.23987589057487
176,345.84096389230785
227,353.23437432833055
247,365.6019819475507
267,421.5886462396887
276,404.6974351075584
272,429.04585486232594
473,547.6625192013945
850,555.965545180638
790,543.2349378668497
513,482.4095218977867
415,423.9488196767819
283,346.6478463330744
193,266.92771363955745
113,185.75820803349922
49,121.0073084278359
27,74.39050234288882
11,61.89568895553611
8,84.31570015570358
10,128.8211277828845
38,171.16260443169458
172,227.8861899246404
547,275.0616038705088
668,310.05717115627897
303,345.60225382836927
203,393.6098627143051
226,409.00374708836205
315,423.0626718279943
303,460.4144386629364
302,471.9404440013611
300,502.88351698151445
452,537.2958541781611
724,554.2674975097505
782,394.66168189351487
538,464.5936282084769
408,409.64714380692743
298,340.5366480610968
248,256.94817648403813
123,177.45443970565805
59,122.76618395162997
22,84.92072267922612
12,69.1369515955555
5,86.79755813486712
6,130.45634759589367
34,179.75142030025486
170,241.3157394548459
526,290.7281961845504
681,318.21072238176754
337,337.4168128900144
210,406.6380701437552
237,404.3022614776731
336,383.1827969608018
315,447.55648893541866
265,476.58637887596933
333,459.44659143758685
466,532.9581120525872
869,549.6630401345327
813,542.9680246138035
602,512.5644159391544
478,455.1291307372475
313,373.1466201351146
228,284.89768938899977
177,191.24086735018838
77,128.5427145338465
29,85.53507917461071
19,53.65124134151416
8,78.21101534788461
10,108.53443612992436
29,176.0050744842993
139,227.19683875364058
428,283.06881271679737
700,311.9792591758156
382,370.4734509080063
249,384.9118651101975
264,395.5754692928289
369,426.95240665802976
416,434.05969815918286
373,485.5929329143625
397,506.8610584399793
523,537.2621597077392
793,538.6065820213207
723,539.2026513491887
555,506.7801070925858
408,446.1600668297639
339,368.85226276054044
291,283.80760789871687
215,208.31105804759108
206,139.10195312747635
123,87.33729321210393
89,75.71068441259972
40,73.01596711245185
8,111.19470731709848
19,175.45189684320752
80,217.46020143196492
87,279.05328148579576
244,355.84301989244534
340,407.5778139719184
466,433.1815127677141
569,426.97055424579236
531,511.044673925641
585,543.9401835256743
593,565.3319126924886
555,626.3313937814803
534,626.574806060909
495,603.1694627720744
451,634.1722676529014
360,588.9403343839546
363,516.7314072314828
316,419.6404961321739
214,311.007543821336
230,213.94433250420414
158,125.53478294640315
116,72.9743498018147
73,58.96985911086669
29,66.53129570920125
10,100.33872096955328
13,170.00743378238394
30,215.5098233682562
62,284.84940113301934
181,340.77746447086275
266,381.64004815477045
413,427.2363850884596
499,454.9524666845164
502,464.40765516178504
492,531.092209773569
500,566.4836009049839
475,617.0080550157336
508,658.6294893888773
521,670.4151561779746
490,641.3507137189064
375,613.4541449650006
363,503.8809041763078
253,415.9924773107116
159,303.6385843624974
110,220.68191490165177
41,130.4958328873173
24,90.56889392630862
17,67.5328253297834
6,72.57334758195164
7,110.80077977169663
37,160.83134838268984
144,217.5101100614648
503,266.18853406051596
651,323.8045549638071
316,351.1768165551391
147,394.34957171828796
202,354.14185430919713
261,382.14231139337744
248,408.3398492435763
259,439.811235791913
259,530.7593515658725
427,508.6366242227951
800,519.3695179306876
831,520.2597602865095
596,476.7936846098018
394,416.4812201130397
250,346.92123746798217
164,267.17575589704694
80,189.8975672103817
28,125.29755951426081
16,77.09079355368456
6,63.715516546455824
12,81.72573502346711
4,70.37639322171245
29,111.73391046674416
136,199.70679697086956
303,203.6897906144254
613,288.04677261842596
285,313.166067417955
125,257.82011327842827
65,278.3578319577659
95,284.6016803766578
59,297.356566448459
60,298.2597349717635
116,323.86097648096023
239,421.91943299749596
681,433.0273901368598
653,524.9111323410833
491,492.59242206668546
386,437.58136961873225
274,359.51858970074665
207,233.6422199591797
89,116.99470998630736
34,84.56182284815125
28,66.65577800059879
4,66.87143367373653
8,85.37880064193024
10,119.2123248076278
40,175.95596982986123
194,235.0333658419315
505,293.39460532524237
713,323.1917045881659
352,351.24816667903684
198,370.48619118370607
246,386.0118689598308
334,402.11073770697453
255,415.24326702776034
320,447.21857883800067
281,537.5480680994193
392,563.4682205534417
857,575.5853779598225
744,566.2855854444992
671,526.546640611628
448,470.40907817182665
396,385.12298308626924
238,296.52635261113653
153,211.90240845857835
48,137.9870091926865
21,94.02171136096632
9,63.63677851825591
5,76.78987079586315
6,111.92583810707963
40,164.21944707473105
181,238.29268186903988
506,302.29660956628226
719,356.58719120184
357,381.78664668840554
179,410.28454341905217
228,421.2759689587561
265,396.0228455788514
284,461.87600130265326
298,500.6939403393812
324,522.3319070691152
438,556.861474068615
867,564.8460909745445
823,545.5815280086283
579,522.5369187274775
435,453.62879970533356
337,373.1502716169148
242,262.2123005335253
172,188.15953298823453
94,145.04708814705262
51,90.90886253780744
15,71.59918242736588
5,91.01237953987643
14,128.8147473124706
33,179.63645937411005
151,238.84378178481245
430,291.8012673575146
653,348.68842743449835
366,381.9992797392015
216,404.3377965232791
286,414.7841442931401
403,419.3355971611912
393,456.8418013174791
376,481.58230350614184
377,513.4344374900626
558,539.7492040528864
823,553.2193872404036
693,548.2878455329277
467,507.1774795710924
385,459.7538570435188
333,373.82406882059536
321,294.93795149824206
222,214.4827916776015
137,120.7747477895773
95,59.12122950256458
67,45.38919756917549
27,63.23797112079468
8,101.60836944755108
23,156.8572651881362
47,226.9803323351804
78,288.57985248354044
204,344.7362806330581
367,420.0987010096614
435,457.30492960178526
566,479.7955327654404
603,507.05257830020395
617,540.7984967780883
573,577.7509020264014
583,603.6249887077615
542,579.4563294265121
593,600.1048608475054
571,586.6434912220619
461,536.8116382031118
352,467.70405910654665
290,386.41947735662376
280,311.03786379194673
183,212.62983119692998
148,116.06115375153314
88,69.97581085648727
74,50.727925186989815
28,60.73163346259552
18,100.02300772989489
17,159.5296656200354
23,218.758529456683
48,279.59244914022275
119,347.4431690180086
274,383.8433020696905
436,405.83799238230097
546,494.48267303544736
615,518.8029965623381
614,544.3775251494377
582,564.7369188591832
463,594.3533493631538
580,611.1436101419703
593,617.0205813964296
513,602.1383928590664
390,559.1766370715783
302,491.3991206849601
246,405.64922977181374
153,302.6307731744399
108,187.6814656479022
40,136.0745418110948
14,93.17107721434351
9,81.3823702789725
4,86.4674043114422
9,123.02707333611046
23,116.17486063422854
37,161.92825211731474
145,201.82972123238338
474,319.07023685593464
250,346.6061739815244
91,262.52494484862996
121,368.9654586238517
168,284.40530035518276
225,395.6026421635442
219,419.4241511884377
237,476.23482486475183
332,494.42937659485926
723,502.3732087408922
642,498.4524752756567
463,451.04357771305047
362,401.60327675191826
273,332.52636075108137
164,257.8337175511461
74,130.29554466468417
35,120.4202842916784
14,82.0997702280365
15,68.96090694684855
8,82.03695795869943
10,121.28390716379243
37,176.34921556940665
161,225.6045513718863
480,279.39519615793563
673,323.06291784138745
328,368.5705212211836
180,396.22108438434253
230,420.1586343665599
292,434.5848526440227
272,464.54746842906366
227,511.3125572470944
259,567.5162947449046
334,598.1729874589108
811,606.2956654569629
795,593.0047006030854
514,573.3741749228732
458,502.18687166375605
276,399.2941341370621
291,311.9720915543834
125,228.50192911075814
149,151.83860406465575
93,93.42856391071298
90,70.7278594781466
33,66.10127705002151
4,106.97225930027187
10,154.5232799884577
27,217.59296106782008
50,281.09540442448855
142,355.9058294941619
219,406.95098798511685
366,461.11837735812
377,495.3449511490753
433,529.8552197241336
420,575.2906867326593
444,612.2931380833389
345,637.922617876122
313,678.5405849150427
413,693.5849425216471
370,668.4414227431297
382,594.665762801694
332,537.6731502027353
258,460.59389784543157
151,366.15087922476715
110,248.4835816340461
43,172.63779405625885
17,129.96942452238994
15,133.96706708582258
5,144.4181951009976
12,173.46033309526888
40,199.02927996642268
136,248.23908257684627
398,285.27911914243595
568,332.07177457006685
295,364.06254467223556
174,391.94261532389714
201,415.941444138646
257,417.3314683863506
236,452.4904372410327
230,486.4212788965031
234,517.7840462844096
365,556.5970272237685
747,558.1540010027134
730,562.9553109982937
581,527.6480642124998
395,479.472431888721
258,409.697981838807
188,324.4435682379328
102,242.52776646774436
53,168.67444190395287
14,117.31520763400223
10,97.96963923488258
2,114.41599012386605
6,149.72292248084247
35,184.23214156674715
154,243.1207154562787
483,271.55372608301883
646,317.5235089325293
272,359.4114418030878
209,384.6684090831861
217,395.84760308998494
272,414.20093325853304
283,434.12467578587564
310,480.89220758172905
401,459.466373350679
527,524.5377286094168
722,535.1140859147538
627,516.5144911782826
497,513.7302076150179
376,376.5003892766185
196,352.644501422122
177,277.6795220321445
171,185.04534318444723
159,159.4594097407044
123,130.10461496030638
93,80.63669201866958
32,126.22101236923817
16,173.68868048494764
19,226.02441207352268
32,281.42888805883587
72,336.1318442938421
153,387.390627434118
293,417.23235584921014
447,446.22812335420525
485,495.9178049776636
494,530.8739187844155
499,554.0674832264112
547,599.8450525783401
454,661.9116802226238
389,690.7238020699936
414,705.7273908765821
430,694.9243230237905
432,632.6963073116846
551,574.1864454798985
584,493.79520064705343
502,394.4998428469003
183,353.90263775268807
88,175.16483402547894
30,145.23687441707156
18,96.55976398983248
7,127.018705340781
7,134.71186684063034
29,181.10828476573985
133,230.5834006531197
343,266.99698928544893
550,323.6276531251871
293,366.2372080346859
186,393.5226563848674
244,415.26779211127683
276,447.71469773403425
310,466.0957821725521
241,512.5550137853917
254,551.5169093861981
433,574.9806296972448
689,592.0087612896014
607,560.0233050673683
503,528.1818727797465
321,476.47213403803175
323,413.9985411194132
225,323.6672366842651
131,240.6463541358878
102,162.12943103744203
29,127.23842089416212
17,96.28961976798422
7,111.70192108067963
6,141.286700257322
35,186.25661997539217
131,238.60368161466553
353,281.05971917209996
585,323.91768732886436
304,349.8785208081588
210,333.0727817801067
233,378.38445617940704
331,399.5758878369695
293,439.747467038515
275,491.7242517148416
285,533.3868981332857
369,554.3149708361119
576,558.2975177743591
560,584.7016472711914
418,553.1272818148949
336,484.0051593967639
300,409.5202473492511
288,324.64878366834284
164,234.871086491685
150,161.5663712714851
71,99.38358835318787
58,79.41396903842939
31,83.48949144527884
16,120.6964918302794
14,174.83574716333453
31,233.4246273519077
71,309.2721776387419
152,385.5058839302177
256,432.4200484087421
325,486.0394910204785
367,517.470315859418
342,560.5252156010515
360,571.2067093434005
308,597.9223629883761
306,627.808918756771
294,688.8485012005182
279,693.4754166007137
277,671.0168549950846
287,640.1612058808219
276,569.0312454489458
201,481.85696762758266
220,356.43283402076224
148,265.9355952377105
147,183.41642957771379
124,128.87607695438086
70,109.89959834130508
35,108.83895488906495
13,134.02276567636846
6,181.2216197595496
21,249.3154795008016
52,318.95045417511784
130,377.9168112898427
242,424.4015518590753
319,468.6480278982775
389,534.107041673448
376,568.9256052635816
337,595.4096613189386
312,645.3073405943771
298,540.7293473535403
291,607.3328877842877
270,616.3945109468483
253,597.3142697390698
250,559.6573059021781
285,475.08192228753
207,395.21377273712716
122,245.68319071114044
123,121.43145544524923
39,120.25517509926344
18,10.018267502650165
5,-2.623917882230907
5,9.652595640885684
2,68.03276022159378
28,185.40850575932606
92,152.27495319770074
230,193.61893467312765
455,307.39016864663176
363,327.8107400546917
175,339.28818994974705
216,391.30261593510073
266,395.10669235697037
255,420.7445907618011
242,446.8621530199831
280,480.6988037739952
413,554.2072968454155
849,562.4996282826838
872,543.5242420201921
631,516.4927458993008
447,443.9510851214731
331,380.0746749776502
224,303.64482572937396
131,221.7188397313431
69,151.05281113644756
15,108.73691699353176
16,92.72399828884764
3,88.38304108384767
4,131.44419345093547
42,172.49644307131473
187,235.99714602470678
520,288.9618979964828
649,333.8588513787375
331,359.7042579674732
190,386.89091044480824
249,407.7705999857291
272,418.8623076410637
280,453.714103655872
242,482.5446206961464
265,518.8446800174651
435,554.7919291770205
872,558.5111594379696
819,371.83609472617877
414,355.5694812356776
84,291.6716305365832
90,225.1505386482457
139,242.57640328109562
103,162.7307302944383
44,129.16196167861145
14,64.52528007500752
5,52.638896785077854
5,77.21904858694253
7,112.10302488988165
41,147.5035327829517
185,210.3332248991421
497,271.6765946812363
674,318.03892385072135
328,352.40345524006074
195,378.3982930828948
229,388.73555317981254
292,382.26044129092026
273,420.3695989013593
241,486.265168128063
276,521.3887275507398
411,550.4942938700096
830,574.1323009104572
814,562.5700331522727
633,523.7592586327071
483,465.9564118180199
391,394.39849702431275
244,317.1602306295737
152,235.54089131772812
56,163.55011108589287
21,127.54885241477837
9,114.60895218998792
10,117.32296727919798
5,147.03530088640971
44,200.50771778328172
178,247.3276923537272
512,299.0445336203343
702,336.99470276413996
327,361.44613069359895
214,386.45632019554927
215,397.4467103734329
292,419.570756652039
277,457.2184259496156
209,490.6728704868192
271,524.8850347416196
439,553.9137503380084
795,561.0922250983358
825,548.489230158172
629,523.3159437095298
514,474.8104152938893
373,411.20237677375195
318,324.83015092407754
211,245.4236130092992
95,178.1242291086042
59,137.60429731751194
17,118.28956633435648
9,119.74929179856886
11,157.33949023662515
34,214.49662971501246
127,245.8591508315702
380,291.3687969806313
713,327.99957798317774
414,350.91081332036146
268,355.4707648129831
288,383.2500338898251
379,402.3306803335601
374,423.4597661993964
369,436.75703791928134
353,484.26339853350476
492,523.4456969537484
835,537.2860034942066
631,550.1180472283719
488,513.4663067167487
389,468.35648174826844
299,388.4256904443242
263,312.6372927885089
212,247.82234079171
191,196.9728186162011
118,146.62606492579243
101,125.2830266546739
40,137.67679488917247
9,118.41113100890949
5,193.29976921452024
35,231.94529486497294
48,275.2084741977006
151,330.0119942477303
282,373.6016578319804
401,414.99354648064025
439,434.35750131909515
499,461.12992530780014
591,492.5254135231238
632,573.0571384429537
560,604.036131297622
566,512.4354213598356
458,409.89662806188954
351,543.9369006354225
431,508.946544506452
356,446.50966038788795
269,335.1833564217478
225,266.19303627120667
211,171.13154277184142
187,79.95101617108273
168,54.814227795103676
115,44.7866380450619
57,61.9514462365082
19,100.22616976862825
9,133.45168226388967
15,207.64138745703784
47,279.98628296582916
133,329.9546671493309
221,383.5473934584946
382,437.3475964861068
451,491.1004781258887
489,512.182301161461
480,556.4467669811477
476,614.460949728509
489,627.8333251771612
495,657.5497383187001
436,620.8783358122098
312,394.2162365683561
312,500.48681824107734
294,439.583698209992
223,367.31853545266074
130,291.70749444283905
91,193.98186008278375
43,56.031560518488014
11,110.06172569244202
15,87.2352506061682
6,90.70580512625203
12,125.88849946447925
50,174.15232978512907
140,229.37754721427115
483,282.3077429665207
667,324.28940456220926
348,360.6852169693317
186,389.13475291599667
182,426.34272758195635
237,439.15822846170926
239,477.8106903391907
212,502.63970716609157
237,543.201827640654
386,347.8121061102796
755,365.50931276225344
794,569.9144788716266
595,540.8605124564153
454,480.3098221763983
328,388.65511913522687
284,303.2837713113853
166,213.71618014786333
53,141.3536517109164
25,92.69005312501619
7,85.96584828486799
3,92.00681551066248
7,127.07602869256695
38,178.12148886481103
213,235.06720023660455
526,271.0057332910823
661,311.1987327426881
320,360.0763500327051
159,377.43540024157124
206,377.1276668541994
254,387.43620520369507
221,458.6135264465823
214,503.7852400422319
244,528.708619620186
381,563.7266520270756
770,556.9721892777833
772,578.1117462632087
547,554.1748666768965
427,487.59862882954303
333,406.52230472833367
244,322.12883821735505
161,233.60898563420403
53,155.1596453299397
16,105.38614530696955
8,88.54076585423779
4,97.73084059299315
6,131.19925274956552
46,181.44246578406845
162,235.4109418527335
495,284.96945347971996
679,324.2251047843433
297,353.32863852619556
138,391.54736112747804
183,399.5445087832204
202,446.0639062446078
203,434.0648220871674
170,530.9024851026559
194,434.6353988551147
224,527.2509600590972
370,531.3024042732318
643,507.98109132031504
516,482.24978628974867
366,444.876765984795
319,377.7266430000521
288,307.4436156329485
131,225.9622238143657
66,148.38525326693758
25,102.65257404952405
7,89.95684422371124
5,94.9753149628617
8,128.04971854800021
40,185.33447583829764
152,235.91263828856802
473,295.6647839098744
657,336.2639264682067
318,361.24151318592584
198,391.2943642320851
216,413.2902449782019
274,449.73291123716797
254,457.3174991899991
197,486.8829179528385
292,519.4982682285512
358,547.6419164583525
771,560.4919296789509
777,575.2109791491902
533,537.2308463071561
505,485.60430122765536
332,214.62990997857318
68,156.27870945696966
65,98.23527476960018
47,142.00317513983634
33,89.62658980024712
13,76.95062533624012
7,90.21938568638005
4,146.40475094908857
49,193.04600280773252
185,239.8691969301692
487,271.5434527827136
681,317.568464125713
350,343.9656077537375
236,386.5287488479936
234,405.3805900994358
284,430.2447192660622
280,459.8007827528897
263,496.5663947745756
295,529.8818155710009
479,559.2257839617802
837,569.0705665934875
891,410.5804366849727
652,508.36005809085026
513,455.6018724624482
320,378.28394928886485
288,297.1253574459064
152,209.78052135648613
63,143.40848121185263
42,98.1589908306957
11,76.09493124485157
6,80.76485398009038
9,114.57562489821078
41,157.08509880426016
183,214.46573999853365
473,273.69108462657715
739,331.510253068111
343,361.1196000521451
181,375.83635982399335
226,409.22132054976936
286,419.778260040412
310,466.30692853500733
225,495.6256238795093
270,521.175998251516
406,560.6433481035044
865,577.6188089270303
767,567.9733363290663
607,538.1338515615502
427,467.08117470964595
342,390.83712474680766
262,298.4268784385389
177,222.04332460646452
71,155.1066104666723
43,108.61595022522354
14,89.12076182472512
6,101.61546665065974
12,133.9191515395683
37,176.89814053017952
163,233.21918275682438
421,286.85136378762695
668,329.6566079031378
396,346.94092457590205
249,371.4001199172306
263,397.1818757999007
338,422.03991283591887
345,443.17924695874325
331,467.240888481993
380,548.8401998707568
492,531.0848269055248
741,546.3233248348314
671,539.1199978269366
469,504.5179382957931
389,442.43104152572215
278,369.919794742224
202,302.5982290176039
196,208.30702391739192
161,122.46813096449895
122,67.64877875418438
84,51.883428537473726
30,65.15309690042113
13,109.45383114188351
17,152.5873448297745
49,214.28990989332232
67,291.0837641096258
181,358.60989438956506
278,412.3900162664451
396,450.09926715461324
470,501.25989834930226
547,543.3132766405295
527,578.8451669449264
472,612.60865705755
489,648.824343142792
450,671.7112990218245
492,675.5422605905862
490,660.0510980773457
397,592.1533482855091
312,529.7241531849924
289,431.4037105953453
269,312.68098160427695
222,225.1625090262947
153,140.8103418359312
87,93.66745550283234
73,76.79396584375066
41,81.33837436881164
14,119.54629515943246
19,174.8107410676255
19,228.7398832880193
68,297.5228371513764
108,363.9044214432679
229,423.41457639169346
364,459.2266419384892
437,496.40341382162285
491,540.5123069625545
523,580.7869567336884
526,628.5766449398843
450,660.549392876575
421,642.2039416937607
382,650.9690986755288
229,425.0729835544386
185,475.87691832943096
193,419.50230389608214
208,368.14310011455336
157,279.38219005924054
87,195.34590238960683
33,137.3801115512536
11,98.37490146830845
5,86.23646456295485
5,8.464542311649604
11,137.69899388011015
25,182.26241798766415
141,238.5718646131363
407,191.84936650828348
605,313.7116460912901
276,228.65462743096384
213,389.66601493674676
260,416.8878195573129
285,403.6428490361776
289,472.2301538883298
287,484.5175487146993
274,531.7228951277027
451,550.1119886624349
858,555.6696546421119
843,566.840098305828
640,530.9272939018882
457,465.17028963246844
317,380.22006441252995
207,295.35576163251085
113,218.89455665378523
47,136.4859206457948
18,92.74374584399726
13,77.515078927042
6,80.69698345567431
9,126.09697614241557
36,177.1257028319647
179,237.9835556793317
502,288.19162121111543
705,325.1183279758754
327,353.8788750150033
250,366.77944803654293
214,391.28474593144983
283,414.9550537649117
253,434.2046374667513
261,452.2906144234224
306,514.646005091134
445,376.19943679112953
868,526.7992874693362
814,512.403519245317
610,488.5537610019529
448,424.5183205673694
317,359.2846631269055
224,298.2536498097256
138,207.3505524681744
58,128.92314055066655
23,93.61632068943373
6,69.26419667997962
7,80.54463690774847
7,114.79741484223032
43,173.23533621587967
173,231.7438856663003
482,279.68046871470244
737,330.41837296055655
341,345.62866484609293
214,369.7065318229883
239,374.90797964919363
280,395.35587666398385
313,419.91296400821767
236,465.17751331541746
278,490.7426900126817
441,525.7087963902574
858,538.8171342839038
862,524.4349843740267
686,520.8684444621813
500,458.6096916425007
381,384.00164048421766
233,298.2403129855015
136,219.16038775200067
67,151.77918525899918
28,99.34756072655874
14,74.97492723186582
6,87.8280024510655
10,123.69043971672991
41,141.89730562695294
167,230.0962706875482
475,280.01183388259335
698,335.48970478664745
353,370.05039396630013
205,401.185991514827
260,377.4474822953371
277,420.44812686755483
281,462.51358678982643
247,498.3690722100141
267,534.4311500517938
417,568.648527814591
810,580.7562525085192
811,542.4498265043642
623,537.9958896450902
478,472.8869768003537
336,374.26554503742665
259,284.11190274397546
156,206.8104290312665
85,154.21381786327268
41,111.08622729926638
20,90.42490518225955
9,100.27196137733316
7,41.86488989936976
33,84.99953495733922
44,150.37296480199285
133,178.90809048768264
119,206.22661850618684
220,305.69022989262686
193,335.9859671254817
251,247.32644699537678
315,407.494365791067
290,436.0371815899466
307,500.1415848169613
324,539.813438381365
467,557.4055541590271
730,574.9940640691756
640,550.5208551635773
492,520.4886038325343
370,459.79625326702535
286,388.28584198309966
218,298.1841245528542
192,222.67462562083352
180,135.13087688620482
116,77.69318567677429
85,21.460087631646463
21,19.49799902378815
10,91.71429364867258
11,126.98940978200677
23,202.39118009977372
62,250.19146868071988
162,308.1985132809338
271,369.30105874445223
407,435.92621684671695
499,459.50945502485047
546,503.2213037231478
569,556.8712798319795
538,585.9835396510897
562,610.9051105438638
531,634.1874759136293
512,457.9908596564686
300,517.3702843510837
275,395.2278167016084
160,271.61411428877244
128,279.1125345391574
168,204.95472645083822
163,127.73177530592457
120,129.0008208438744
113,64.66593061483184
86,69.77753890841852
48,75.42626212449888
10,120.72706768477654
10,193.59738745907447
16,247.33341124970545
39,304.8862910367237
119,375.5838513008822
217,425.046795891768
328,448.63883756457676
449,481.28756927176295
505,509.64978565732974
543,521.4864101176422
579,572.9953909697783
577,597.78660541608
513,618.5140121737364
505,623.9897651835203
491,621.4796855067246
465,571.8641702467112
300,494.9077542229119
220,417.24363439129934
181,312.5279223680034
110,211.70977338976417
47,157.46281852002818
14,113.57070024701841
9,98.34654465326945
6,102.14461901697968
11,145.66789777072458
36,195.0808795248498
159,250.72723266811133
436,301.14514804646285
673,328.28351308965625
305,336.09687200435957
199,354.07966353643684
245,404.11260090809117
276,437.56080138353315
254,460.63022438166854
248,478.3420759401289
274,536.7368988531741
464,547.1743936795133
818,572.2737089784722
812,559.4306500432916
555,514.420971362089
432,458.2996473318578
290,386.24376171526774
192,312.6933509558176
128,218.1756762157851
60,149.83465991018838
27,101.25781774013093
11,82.47083744081449
3,97.44543328928542
5,133.1901441867156
36,173.87655076976662
64,157.9114088831918
179,271.312661811216
618,285.1383483945448
402,347.2427646633587
208,386.38105616096937
196,389.68537848119615
300,432.027784798763
286,454.0929893881149
255,504.5225086535358
283,541.8089675008374
458,562.190420053901
812,396.051232162406
854,551.0329060956568
627,521.6699823730328
436,453.65785885158834
308,387.4029136970873
189,300.0116269662086
167,223.11381471558732
60,162.36055100930545
37,100.54764895917523
8,83.22954131081431
11,100.3733815906948
4,118.88634631092144
39,180.89156377882418
172,234.71932233520155
492,299.3251560828517
682,336.70392673097814
367,363.7510421963355
233,383.6563760782422
235,390.05180614682644
307,439.73162240280783
294,432.18505131569617
255,461.1585155924308
266,525.9334108773935
431,541.8872343334225
851,559.0812143408924
848,548.1523503895221
649,506.66872482702775
427,454.5614095432643
315,386.81277155695864
226,305.45171632716483
138,219.01683778244748
76,142.22034347707114
21,98.39202690039826
15,100.31386050655448
4,114.91612712952208
5,150.47142803219143
37,198.1721592772592
165,253.76568422151468
464,307.124536663115
682,345.42816756009154
337,365.5711534825454
199,385.61690603801895
274,395.1317814621185
343,416.4165540944615
300,465.90413574729337
248,456.5687721380523
260,532.0761449873646
419,557.8093351198148
897,577.1846932816251
832,545.1126792865092
677,526.5809117082264
514,472.800083612878
356,401.20312087633187
254,317.28427952258085
226,229.61253620750404
88,-157.63541766504005
54,-226.3384492071881
19,-191.32790920607084
6,-182.63751695657572
9,-175.4862558112263
36,-177.38353233426795
157,-122.47116049386145
379,-135.35497415681647
668,-162.07880561530575
378,-196.19817371533858
231,-263.2679706014685
303,-239.6908934980548
365,-375.90672758851883
357,-270.94393106132856
328,-268.4165289144174
383,-165.27154657965463
488,-111.67970306107361
791,-118.45271596798115
669,-160.42847238532877
491,-11.884043848211684
359,-81.26527284410953
255,-62.14564903600444
213,24.103086765709428
121,33.69001837249993
105,89.96311965706775
92,-22.68682168617021
43,-13.217403019210096
30,32.972114659570266
13,115.26584538366117
9,163.3806256555362
27,211.19597030540737
64,269.2780835258947
189,351.8650195757571
292,399.1894769790222
480,443.21235927866155
536,460.40712262502956
654,508.857047114231
644,528.8222735980586
598,575.6804523697967
596,599.6110061217769
641,625.3102014289664
635,632.4160487565823
554,612.51781476721
488,558.2878861414375
341,495.0221348575344
338,376.91988052015023
261,289.1690878037895
235,198.08984848288182
187,144.88604496886057
131,78.1477636417726
119,79.9859267726438
55,108.45172223358118
26,143.55758236167912
11,187.87936326152177
20,254.0068250123014
41,311.8744749175445
124,351.4254276440819
270,371.21568091979566
425,403.511200474224
272,293.4066624320543
298,319.7499433976071
162,294.10689238152423
149,356.9065296498019
276,509.8797845666154
356,530.6599246672209
343,484.4587393922494
377,473.2572701940454
341,467.23201129947176
274,410.88435113702144
190,245.99765142410314
56,245.1485401730436
46,181.1030366013125
168,142.74640662843711
79,77.6142477439256
69,64.67656510026987
35,72.93016252672302
12,100.28064098679786
22,142.62036475045028
36,204.3732354051667
66,310.5153109213386
162,368.6147401840418
237,404.0490633830586
417,437.53847403482115
492,471.6015327600799
471,494.5520263942653
504,524.216170556718
514,565.1007525939877
563,602.6183853181177
462,617.6912374571725
463,610.6168811595894
442,598.5978134266229
392,451.13511884254115
207,374.17218717586775
104,219.61646178016764
78,199.11546038621879
145,127.72050480415616
99,70.78242492079714
73,14.351804108660009
84,0.6179647377385216
42,24.129314273339492
22,53.86125433176772
12,107.86685235975443
15,181.95428235151763
42,221.8136456802508
129,304.64428996881816
232,357.5636826024214
388,405.35717264441274
489,427.66860695100564
545,340.06397891237657
493,351.383962287737
457,362.1623862328821
355,405.5001535712552
474,570.8675097809923
503,605.5100312801942
500,567.2823680606471
292,458.0208443246986
104,403.8998402059889
171,370.52981058732814
166,174.25868069382935
123,87.51339396436326
104,48.65040936666589
55,53.318355890387956
40,-31.870646335548425
28,-16.411310011832146
11,17.739897583893413
4,62.19839463036174
15,105.6100531408807
43,213.32141169113297
127,319.6137774879494
229,353.0722619847957
359,405.20184101530026
459,416.5624606643176
543,451.14169138938115
566,482.75479697378705
512,472.13252863999224
449,501.36946703263084
500,522.4315658400533
498,532.1451269188276
482,530.8321015491857
374,488.78017418452976
261,409.5633911092899
184,332.05461065870065
121,256.67093684608795
70,174.1903538727376
29,127.56673728746243
24,92.54472298098409
5,77.75134905602755
10,75.50805431396854
8,101.17918122255202
38,148.38858398564759
172,219.56896719184644
493,267.5963613869046
632,329.23353763738953
323,355.6532752877807
172,380.8733220404481
198,389.86726618442464
287,447.9822481619957
275,488.84564863994825
274,518.3131325292468
292,548.4227970334023
458,547.6634717340569
856,558.8541972205574
839,553.0200562063401
552,517.8658307353728
385,455.47197132357115
268,381.4869849728912
179,301.3578573519697
95,216.91231328835983
37,149.37605374676946
13,93.08968775252634
9,77.89415326463116
4,99.43977198008514
5,135.1026951399778
40,184.69493134849583
210,242.21929576554402
500,286.434481116426
725,340.78470515513357
290,372.15561998174536
235,374.87319111310495
217,395.39251773567486
266,463.3535981824299
234,495.2411534860443
211,515.9983547285598
245,551.5803165433131
430,551.257802395034
863,566.6814889218449
839,554.3893768056945
662,508.25153210276767
412,449.90538241147124
296,370.3641961133756
219,286.0161134229632
150,197.5720491027532
65,124.86084482026484
18,80.58151711211522
8,69.36672179948738
9,85.0563082633048
8,121.94014408039942
38,176.95863939386965
200,224.91597343573082
482,275.66720258290616
646,196.13286694386156
123,204.4136614727713
49,209.8766658436789
62,237.57831855438593
137,408.91073936679237
191,426.6570562925767
216,494.3201969040657
270,522.2807548049745
416,540.1125408929306
808,550.8648910701918
835,541.451004202551
558,493.40066168698615
406,425.25168386457125
272,324.232147472644
217,250.33155359513955
169,178.29407355135015
96,116.69338526636349
29,82.05087519107452
11,81.60466705589336
9,95.92792878912572
8,110.4532887074086
40,159.9724373126149
140,225.65246588204153
486,267.19651926425206
719,319.6297126305423
344,368.01304268218666
224,403.68229267337057
296,416.2690099229844
323,452.3190839509683
354,492.64542808932174
253,523.4769673218967
331,548.1411054169017
470,573.6221756764122
772,579.0771834705837
792,557.1313339771917
568,517.7851856650135
391,461.53204067260697
301,375.80794966310043
299,295.4893932254587
248,180.51134800803712
150,72.68846793182175
117,42.32713698992645
77,23.859138861981997
43,50.007802043183425
11,77.22674816590799
15,132.76065054887883
34,204.8023087246654
82,252.40450216651854
230,345.3842251929797
348,396.23286781745736
422,437.5128064065543
578,481.15784680492527
694,531.472419685812
668,569.4075191802323
626,600.799595390696
512,299.12644352315067
114,320.90734398116217
171,354.72579416863016
167,352.7522912819288
215,311.8254035876514
194,354.7620150747698
181,301.91352454662723
194,230.21537621309565
133,172.98339991894548
124,109.70969384306933
124,65.11232323286626
96,44.624753495053895
46,70.758197875521
28,105.44831733690764
55,163.09911057859128
35,226.1495801715543
70,290.84689287698654
170,350.3412550239868
299,409.9548752248402
495,448.9106085447497
585,484.4727345252843
757,493.53741818648183
729,532.6677040732471
647,596.1344209335921
696,619.4805940724071
701,629.3205775403646
671,633.8456700917225
560,613.7206189398078
496,575.2568756066999
356,487.0387714643664
206,389.96845503999987
189,301.58706864029904
92,209.41523593980244
41,175.75476523786827
18,127.7918963422654
17,120.51690573410751
12,131.16484062262904
5,169.97902603455302
40,221.20050069730354
180,273.52376122576953
447,327.58801569226125
730,370.3090641423861
361,397.22289480785594
210,425.32310774291756
236,445.89207983148737
332,466.979480748001
323,488.970797425187
340,517.1256061572321
346,550.796862500336
488,570.8344604779635
871,581.9224561446539
968,561.9316728343707
633,527.3783253612461
390,464.4501780695479
285,389.3084486363506
159,306.3631731160876
93,223.8369398674675
32,162.0974689214447
10,116.40243733162046
6,105.7167612049844
8,128.92116271233257
9,165.05869546324374
44,219.74817242071293
211,275.32995675574625
596,322.84157829214746
750,358.3086779884079
358,390.1037027489377
196,408.24739708867645
247,433.38594266243007
316,449.1014159775011
328,477.6525708103339
255,500.5529426230104
326,534.3506318347615
536,563.6104389054631
970,561.597259673592
877,566.0258877856365
596,527.9902028083137
461,451.1792547045643
310,375.4781684952928
216,294.23920269049324
109,215.43492559838646
49,150.7039747370451
21,113.7351360817553
11,102.92508651039213
7,118.93459492354515
5,160.7072849903755
48,213.12336022582286
205,269.49366341672544
557,311.2417397374719
770,356.82502877802165
328,398.6701836528456
205,417.7469050273807
232,434.96817582895324
352,454.17275253906826
323,473.1174457637701
278,503.6955441454468
318,530.6857625269743
509,559.3440086515377
925,576.3769965678184
977,562.9123259510569
635,524.9897516981436
470,463.82992128118406
306,385.1566433796687
212,292.5800929852904
127,214.48697553615943
57,146.6873510904153
28,106.26150062861777
9,90.08876549852744
11,105.57996965113543
6,144.58529086978214
57,197.12371486446187
195,258.6935080592783
571,303.9864506386386
758,343.3097680715944
338,396.9485683350609
212,412.4560086821609
254,432.5123715846559
297,448.82208475993434
283,450.86229192403306
274,498.16242964056505
352,522.478577808571
491,549.1215152150494
884,569.2020727554866
852,550.483784646376
674,502.39615814456135
463,448.9322306340919
317,380.35018664826754
251,294.8867791804066
170,207.59487943115786
87,145.50528610153208
41,107.05497001950069
30,88.61985116929628
14,104.81341003134935
12,142.8638808437047
41,191.52083342331065
152,244.73933025399867
454,287.50745166977435
766,340.13142586973123
347,363.11425214737153
246,366.2011716932387
280,393.0986259672178
409,417.2304141815731
408,436.5591236999063
371,457.66422896593633
367,489.8208089200279
563,500.48207061699094
894,566.5382349356632
808,561.072418166939
579,515.8616364422835
404,452.9982906702377
312,369.2986300815315
229,269.22450238626624
195,202.93965936383339
207,82.48507082265617
109,62.90726884111485
93,38.5712424693181
37,70.5029157518435
6,127.63085284770195
16,192.00403349160177
33,262.02666952338814
73,316.7416280901003
212,375.4543083131301
342,412.70988823772956
442,459.36052847082436
627,495.58731748074786
706,526.0769453839355
704,550.4832567384137
715,586.9511330789277
654,582.5392929212902
783,591.603806650221
729,598.1769980771007
614,578.488381078646
478,553.3204898326188
330,479.565532888103
296,367.78676690521365
279,277.7363556410328
229,179.0165853671459
151,105.03362243346373
117,63.034296118975796
89,49.97868908517325
48,60.30981256422137
8,98.19238632622046
13,156.39895948585448
35,220.17481742760404
71,279.27717738480874
128,349.40784295145244
296,393.6813950600027
490,453.6653450565825
559,483.8244959475433
656,508.5385231450796
694,541.4193667433339
635,567.2919851543904
557,594.1579134012046
596,608.1292615873932
570,607.6385086289387
481,584.1026530359945
403,542.4643948804166
324,469.18160095501946
191,381.43126756787933
127,251.9734898073645
94,167.7302059344614
45,149.61927717650693
21,106.09915441456076
13,90.08810494073256
7,112.32945647034495
11,146.24811585187746
45,205.993688097312
164,258.38099893861136
492,304.6359199126401
683,349.843204860559
299,381.6418321644518
202,394.6494560417182
252,406.55509876641645
295,418.63277146756127
343,467.57051923146753
332,448.60728701032747
338,471.02628186761683
453,485.24931767587873
842,500.59542497818813
774,480.843580103012
486,453.28575018460367
340,405.2001726967147
233,223.83606905269895
129,159.78482326917464
70,86.49415065583193
13,39.175726118665196
5,8.520611090981472
4,3.0598259865394337
6,79.9325955185897
7,122.53549295885678
48,178.90965732522326
167,231.16529956195754
356,282.19403837175406
672,328.23802139524383
293,351.4901041152223
160,233.74551958123908
151,380.54661773825563
88,245.38717802809336
114,420.47192206845546
143,229.23913809232877
36,277.11899530853344
141,297.48988070108754
338,315.1173712869636
281,427.77091411784204
324,403.16967638928344
290,359.4793737127685
207,299.49743697567385
151,139.66375276787267
78,178.72384153275752
26,141.95384925499386
12,107.77269895150471
3,104.33722461773866
5,122.41514625817175
10,160.3473873024494
56,211.67812836502563
172,269.8382537995417
545,320.9030039728458
797,363.92389202639134
362,394.40538545813325
192,413.33822104325805
247,441.17228033092374
313,463.1552861388334
289,485.41210875121965
286,513.0136943124231
311,533.1695259120434
466,555.0409724817409
886,563.1837134327733
892,543.6634529608818
611,505.4670487523223
409,440.3500109647474
349,359.79602265214805
229,279.2397907988122
123,201.40982980897354
45,124.83248004995674
18,84.87608979534579
12,79.78178388418308
7,94.47848442430282
10,131.2965947769339
36,183.48202233411087
155,238.7327557873925
483,286.9551244576146
784,316.67211993977094
340,338.82644263594136
179,368.9768115567305
272,385.52518491887656
323,418.8337399076119
305,438.8083122405371
244,466.24727801930584
329,486.9529773167048
459,502.7381256542878
856,372.28523159126297
613,377.034611413122
516,424.28768047671036
262,316.4573208324856
218,314.7606138317435
207,183.03389767203694
105,124.60181417790795
31,128.08223799864192
11,91.2809274189144
2,83.22912192250213
5,89.62551024345467
10,129.44151615967945
43,178.48185167634142
179,157.52025166995674
260,194.5449365832531
134,204.8261512364744
86,226.37354588714163
45,230.7265179745192
99,219.03915862664547
104,323.1709615780047
154,333.0727178986817
163,253.35064960811332
209,302.61873718858675
374,305.8569218658769
715,325.5369655832187
687,303.37608831004985
395,290.63153934357825
306,260.0655772892138
289,211.95192725713642
240,189.89431810681856
98,121.11689934479213
52,43.96223721471171
19,36.1226399240971
9,27.33227738893613
7,31.91053149137549
11,37.48840247324887
34,131.80199577837053
177,171.22085679490775
515,215.9458265987004
809,278.48152378309146
362,324.9686789011859
175,357.3248823607997
230,372.31312201772977
358,382.2055617365235
279,415.5890703613652
251,444.84083716543347
319,481.0840206790083
478,488.0474021315142
917,528.2491187214034
810,522.9038410491191
593,494.56435522281373
497,442.9409685219433
209,341.108785124791
241,280.4246042122438
220,178.77335508589283
76,60.06319922473431
25,36.78902063042035
13,40.055539791746746
11,66.11720857446133
10,94.8484573478616
39,104.24061133794008
133,134.33592990137774
391,240.6475559747398
738,270.71477480297995
359,300.13664087703745
177,332.8614884869306
214,370.0024721589702
288,401.78294528902376
294,420.7762778912935
267,477.53153880549183
325,517.3516234845272
497,538.9917828175862
901,554.8964788211831
887,533.2951642987383
534,504.92885243005657
441,441.7258226553743
321,375.91161794125287
232,313.951125662564
155,229.88554320637098
102,130.36006818918378
46,98.67650469291702
11,82.79768879228145
16,92.64853624223406
11,126.36485581205693
41,178.06257814002504
137,229.15181192788856
428,282.6116015299592
785,317.69926249092487
384,385.40771046375806
260,378.43120374502377
304,414.7437400641345
468,423.872399461085
424,446.7422340460906
400,476.5112382190285
470,519.9866167774012
634,527.9565290234203
900,550.4877833452161
761,544.1536524555245
500,479.58075616333207
372,419.5957941961666
267,370.0033829971954
264,285.29684858751625
171,190.70837829162977
191,104.16662066837914
141,63.243389423912376
75,63.05109861650032
56,78.03813807466415
11,108.73606897029005
10,165.38182682094217
30,217.3706114439718
84,281.8023676431204
206,332.460385627636
395,415.02870043318273
539,451.1149258394079
647,471.5559134489489
743,518.7657961106675
710,497.8294884952153
576,529.0802796738498
620,594.0737635202228
659,599.2569539320908
610,553.9372221132242
495,529.2668709555106
341,475.68345983676744
247,417.43780146953515
215,335.7474590598486
185,242.13841330602972
179,166.0906821149352
127,103.35862733884038
109,72.46495291098731
74,51.14543100587053
22,93.77489839151768
11,138.2924002214788
10,197.2049425537586
23,254.1264375162988
35,233.6115290547667
62,256.1351932230284
86,262.4702294639723
185,377.23219840868916
336,387.0740623700392
392,400.1797260584093
320,410.49592690323743
314,438.22842144116635
306,310.73890054662223
333,297.85486443154
157,297.0298831791353
106,296.33975702207704
114,374.9208868138471
116,337.1974824345777
113,250.96429611733268
79,172.1439663964421
80,62.34042752616269
51,94.94543233332948
37,25.295748768635338
15,32.91068482175652
10,73.2942618218553
7,103.20750419452507
19,149.6625749254596
59,237.9094677116585
154,319.61613929772994
397,358.9652705520056
332,422.9154617003269
298,436.38190812179045
308,458.21353430706773
341,459.87617892558546
405,468.3485243518226
420,499.89522963933877
370,404.5583165720015
377,424.55922196504224
497,505.618048190838
456,492.40512513255396
371,450.73529774509785
227,325.98934522622335
151,335.75056713386647
107,190.57593035506125
69,212.46463060283372
31,90.26716295506142
13,-9.03162293664204
7,-0.9406624123868768
3,19.488137399987238
7,54.943830791535454
19,183.00890987162603
143,232.2209584752205
362,283.48474314762814
713,317.43196668699926
382,336.5065129521161
164,347.7826798408976
193,360.1858525953458
260,364.87837399562983
238,380.818914596352
244,405.46625330968817
254,424.4829236981096
424,429.03701293113755
806,449.5509537756808
784,431.386713031585
514,411.8842837873779
360,368.8896441803043
225,300.7650074546462
162,236.32624268329243
84,171.95690049689154
33,107.06932841884974
8,79.70169559462732
8,75.14744869029883
6,95.14833904394249
6,134.4685655636192
40,185.48816184006918
175,237.90331996730364
507,289.4104344656638
839,330.07183677637624
366,366.03088912186297
217,388.8366464000524
291,399.2421680891719
390,412.07751494160334
297,428.24467907950094
271,511.05483789248746
319,538.5870351024938
566,557.3898648514513
948,528.0338286682878
844,477.0932644746582
566,432.89850003156766
392,409.8291837273488
269,343.3631396687087
197,256.6290635310568
136,183.12128738795874
42,127.68463227306563
11,90.4738926240378
11,76.79990331717073
3,91.068480538415
10,127.53054266908076
42,178.43798637916663
159,231.3316207813597
478,279.2144747307448
798,312.3172023573343
355,342.06563262511753
204,368.85890291099275
251,381.15604568950243
326,396.157414052592
291,425.00077486841235
348,453.481304987078
460,480.94633455512576
481,496.20469732639486
827,503.0801498889229
692,483.181852266835
743,445.78547444103816
415,382.07730355204484
260,319.4653470011052
177,237.58236722967425
186,180.00331185554734
68,115.24075076997377
37,81.66172474863112
16,74.10635627198195
6,84.80832072809348
8,125.65668912401135
35,177.23789449117976
143,231.68988670823026
392,280.82372640840543
745,330.4290843814906
400,362.2781628248515
275,384.3936356181441
313,403.7700057811582
387,416.2362082672119
381,441.96546389026196
371,463.0849973234957
455,470.6107426994269
520,472.3579983230233
837,480.96098674405323
642,471.0079016383781
493,437.82635975623856
308,391.20520395522976
190,313.4137304505138
160,237.11388445543875
100,158.0987818655863
249,74.94477016473958
146,34.59635674494697
67,27.348901230218313
15,26.804187221482824
11,69.25245951924633
11,129.12439476645827
28,188.9291524045651
70,247.07075164534433
174,314.3527347385274
266,355.0676024516452
347,401.2000098235241
527,429.2967685057334
573,454.7100958432625
670,480.85841429027255
597,514.7984384067603
615,544.2768864072349
637,567.0717281277548
528,543.5182508418017
473,523.4683453583216
332,475.0596134870082
255,387.66688626327755
204,302.4112472471051
189,228.69259490377877
125,150.16776753754476
111,66.63270508335398
112,29.6365475610394
66,28.708685433818175
28,45.10908780598896
12,90.93079192939629
11,143.55058210214702
24,208.05339230629357
51,268.00312394304603
132,326.71381404366844
223,376.4550212925978
428,433.9235308806563
494,464.6157193837377
562,539.9217654843211
619,564.2065054590671
617,595.6171113662988
568,621.6551983831725
581,641.9471234286171
539,646.4952611103517
453,552.0703689021482
336,500.067659942125
246,414.96600271898416
196,335.91778431022743
125,260.0241149709785
105,198.98838739981446
48,130.7269191307989
29,106.08376320503717
6,97.67525391016258
4,106.55294402238924
10,145.6541856704239
40,193.01521093313536
147,244.81280107812935
476,293.87319093700836
737,344.41509138721545
359,250.8810537474221
168,381.1683984310171
263,391.081073284217
284,263.17282822714014
146,367.96657507027345
185,418.53834562668277
260,479.82418728583326
447,492.3978590203118
766,503.39261165340656
592,345.31010554306573
239,311.914500938709
256,360.1209335792303
206,343.82513479925865
126,265.1357948281261
81,181.91222283699264
48,117.10106745411976
13,83.64327925542844
3,75.95151571355683
2,91.42612184472623
7,131.093119442813
52,182.72096105050935
172,239.34628921157028
525,289.2794681954598
835,326.18213739540437
355,362.00439450905407
222,382.8505253878732
228,394.15492251763226
325,381.6953409052026
328,431.22959495292196
308,460.6546911480726
346,483.9925534776192
446,506.88097015845085
943,511.4260171493894
838,496.4885898179283
531,458.6504316353587
432,400.0315040459542
195,329.46130076796226
181,234.62029624528338
199,167.69893009299537
49,105.37862634806325
17,72.62673022870686
16,66.39795138621949
7,83.8025976319548
4,120.36340312724131
41,185.09364881236792
178,237.51757494039825
464,278.51370262997995
817,321.1307593183845
382,342.8362997755069
228,356.34410191446943
234,369.43393266210967
332,382.7598107006023
310,399.7575582062786
270,426.6010417793113
301,456.20241011213375
466,505.5351748066722
888,507.0286631771888
884,491.5868309585191
516,443.4559432399773
414,396.2559916160243
329,307.4302768154176
215,225.46551272757145
99,159.45819162286853
57,105.77483615010678
14,77.01996856719715
14,70.90208065022499
5,84.63542599391705
5,126.01548830707442
42,181.96072798925272
153,233.95097180979857
508,285.8449473855198
834,328.51261124764505
387,345.1005357828541
218,361.660636622295
268,378.0541337980062
377,434.2680524238002
332,481.43976067035146
285,468.6594298044791
353,490.12775313431655
450,558.2807024528374
890,467.2665631209114
788,456.385344210913
513,428.6519780545777
387,386.21498103727436
283,311.3616794938208
229,235.5752827976163
117,170.65980113525478
56,119.13733382609631
16,15.826555876743594
10,70.82053796098458
5,90.67416219936504
6,127.76130854481826
36,176.72662739538484
131,141.94337311633555
154,179.41762770265575
467,311.486187074441
389,333.575702538152
224,350.3570676537161
252,388.228994959681
332,434.86376191622855
375,449.06428545820927
365,488.8644656390401
395,507.24383448806805
565,361.6861425933373
425,376.9919800650157
233,474.0790017433117
232,433.0561183765199
229,393.5997064364899
206,325.0047911015451
190,251.12661832090294
131,162.72918510097108
60,103.6588234844776
30,56.00897084401095
20,56.30113956674481
15,81.56353309142642
10,122.90810462149307
40,173.1320907748293
148,227.42245476706566
420,270.5957799014531
680,306.11449955639745
331,227.76382093061181
146,229.7541285602282
170,224.5532258095417
221,221.27830175061422
248,361.1029352336295
185,373.163048713158
214,394.61226510011386
344,411.71502724125696
689,311.1683297754537
678,416.99523848437536
452,392.4870393909049
296,331.51875275896344
267,281.93933569296286
202,224.24934959640714
120,152.41651343325063
50,99.28280915751384
24,61.15903593492084
10,57.23102654670919
3,74.93016199777682
7,117.12056144493744
26,172.15872299669687
122,224.50060507107898
357,266.2187749010838
687,311.33870332703174
382,337.2143413566149
204,355.5675656702286
221,369.59614423532787
292,383.56574114176465
294,390.88969578543094
262,350.23128125198764
306,376.7311341272228
421,439.79054222695345
638,447.43231814349497
522,396.4466622497497
374,375.0798000111693
221,318.0384661484921
156,268.730821102777
149,229.8483473426447
119,155.66919481204494
108,63.49611757497491
89,46.862160550408404
46,41.639991258510385
28,64.4925221380901
16,99.42215531946523
9,155.92531073877336
21,211.5266980354
59,263.3462457657327
142,309.7907567621616
219,328.7709297936348
328,362.13540918937775
340,355.15336582711876
394,350.4960680534377
449,367.7506899491849
455,375.23374903693855
448,382.05255261972053
400,410.1126110407225
410,417.57866823375343
297,409.3092513339017
239,408.3805419395914
181,340.5276897175169
166,275.73020941962704
146,182.96590891008768
148,109.75491730469899
102,38.692634979876146
165,-29.002861316355055
37,1.683084771701635
11,18.008111173258506
9,53.418238014814214
5,113.55848058068862
16,183.27285603153314
50,231.84086155754835
149,292.7705419836977
217,338.1670402852809
360,360.7408128625912
445,401.5308203385464
504,416.0853443579198
493,443.6014103566476
509,466.45671481534015
449,483.9071847442573
435,489.22941852879404
327,464.25999483280856
237,449.3179695237786
227,410.53935363141744
141,308.9119211473808
87,238.35044398179343
79,166.96010401266886
53,97.62345011360885
23,82.08286422734045
8,53.92269299304754
6,52.69158124452516
4,79.08799887152138
16,119.67169694673018
39,174.58915571875897
139,219.84262570506078
461,262.81168200453374
648,292.7915473949942
257,307.6448723966203
142,339.54702864244956
150,348.79822278538865
244,359.5992973073528
222,370.9426571211874
196,413.06305202577624
231,427.31261290651906
360,422.45444371076326
638,423.6242618359416
542,418.1113198737899
372,389.20166820568426
241,338.3184174379233
152,267.78930037475567
115,195.7528326964343
53,125.76702482678247
19,69.9316264136511
8,43.51193953759102
2,40.82409804954731
4,59.68592586453295
7,103.32486267146645
41,157.64736473255726
149,213.74399030169522
387,257.3270102803566
588,293.95815118815455
363,319.5471314089056
230,335.4557799892095
216,353.65373418348304
248,361.5503034929118
278,371.5255521774035
240,401.64348530781194
272,396.50504389127764
402,423.00928759477256
627,410.3831129881702
497,396.9857091939712
371,369.1434794043061
228,321.2738799047851
151,240.67629344867996
153,182.50895569095604
205,138.0196431809208
283,77.1348623253954
92,46.63571470392459
74,53.51514690176004
11,78.13394157852989
9,119.71033623897945
27,169.53596585723818
118,216.01551380504986
319,258.8030863380805
601,284.24108764279964
368,296.79869005476513
178,302.7433184788549
147,308.4350859544025
212,311.945755281626
181,316.2297256922515
161,314.190592795203
198,338.8126549323594
273,344.52282472063234
517,352.5241274160022
465,352.4210241039764
319,325.0042140446048
256,302.4378080461341
126,251.0050766835771
60,127.97049915130329
40,57.18499008630556
15,21.26956545685021
12,28.805140394493137
6,54.3434235588611
10,116.04604132676226
35,165.29383751424345
124,215.95352518389518
423,265.32228593022677
668,296.67935862432563
275,327.3404442238468
161,335.8249434510922
171,353.67516980567353
235,363.83748536205513
228,397.48459035993295
182,419.0398010976009
233,442.3470763014597
339,452.5770963303351
592,457.4111440707194
507,442.24412620926614
373,407.188100550182
245,348.50877921981635
233,296.8079912312199
161,223.434522779759
87,156.6989425315159
55,103.42661454168393
20,61.87901247054686
12,57.73267348167925
9,84.2002816448611
14,124.56762465659268
27,166.67672596828152
131,217.1013617729643
341,265.7745222086107
693,308.12253213557625
327,330.5480060585325
197,347.4805442435603
251,374.8974516141623
262,394.77216524524613
299,416.9750227494183
274,439.4255019227812
356,462.0083967018453
434,482.4609333950572
654,476.44051059519217
496,468.40432244048515
361,392.68834825016376
255,346.3056226272132
199,291.14130506306884
163,212.10077749889578
162,135.80866384762868
122,29.642477488133757
76,-15.714705267652338
44,-3.8380502146864224
20,14.275688514074186
6,32.205540074801135
10,114.83003586000495
16,145.85290794483882
71,213.3496563880124
146,303.9361845026544
259,334.5490150005093
350,393.0285607265046
466,410.6909821041758
606,459.7614774363449
651,500.0622139318147
627,534.0287021605144
567,544.2034624224128
605,577.6802844232697
501,555.8320426518013
359,499.63198400507065
283,477.72509818250535
192,406.8191075691364
220,299.26052190527645
193,199.0822597450466
146,109.47828066524262
124,30.838826391034008
108,4.316920686173825
70,-19.365017125879444
48,25.397032841305542
11,59.16580462451836
12,102.25158036462763
19,174.18902966288653
68,230.72098271590417
119,283.0767341774465
273,348.69144808276116
405,386.8195765268663
504,430.26240181048166
585,469.10346907109346
686,507.35900889770375
654,603.6371254358313
724,573.6099697996052
653,575.9530760661676
493,577.0889944112813
405,552.3877137318009
277,481.78877268353176
200,391.4414682678956
171,306.3613250333814
134,211.7526074430466
109,135.64742758896
49,89.18230958633532
30,38.329429780249185
20,32.96451191850301
4,53.25193623367758
4,98.03456752686776
24,145.91616748070004
71,202.98371354015626
264,263.84263973408787
540,309.2034345755963
397,337.29707427541916
266,374.3139853656894
367,401.26200727688814
419,433.11488469719467
420,527.0156975044872
444,484.67855607490543
382,497.14354060848643
434,519.1807591693446
596,519.1607574952225
551,487.99647392307946
353,446.889678054742
304,394.11339472020876
155,281.6637606289291
112,227.79008882558944
63,193.09326209207777
23,110.560771776818
5,-65.68134887354425
11,-13.823406578112227
5,3.3240223505435136
9,111.12229445766036
18,159.42153155430955
50,136.78998670608263
107,165.43361604996144
211,186.9836828036304
110,197.46218938571877
94,195.8667190341292
155,337.14404283613896
196,348.26351314289025
218,359.9951700827742
203,402.0413510751923
217,435.72889894507057
310,443.2609281282608
608,408.5152266999605
559,410.4357949174505
356,370.325419015269
223,318.45019344640457
187,261.0096193117337
135,176.90667526276684
84,118.72862283535115
24,68.07649249684198
12,37.61350178204196
1,38.126923294541875
5,57.83651273819492
6,95.6160152891257
39,150.44031241058974
146,208.20917550144802
415,253.44974492247573
691,295.90254981225166
332,320.1968873187437
171,334.7048279597389
151,341.99453659753937
240,354.9979962131041
214,368.6445104489637
181,392.00216869467596
260,402.9686337290858
321,429.4507257524758
583,417.3541366760046
567,408.91812662076234
396,373.450380481911
267,333.0958699824504
213,275.5444218828425
173,196.60720198355958
87,105.24969713117201
34,60.97278162177698
16,33.62297132751176
7,34.34441383728761
2,59.578438891020284
5,105.96203482685536
37,162.1601072910611
147,214.01196302677826
410,258.12268274029105
646,288.52557625591487
323,312.89260550036363
153,328.3434464317573
166,324.9790748957273
213,340.98046653395426
217,362.74266870575275
201,374.05459978952854
217,390.77325688376897
342,378.95586256537496
563,385.94227690503027
573,382.32276559766757
386,351.13456624119476
285,345.9744756609207
224,248.5728923107626
153,178.75070492963974
125,121.37644509497186
65,73.61304135503721
21,42.00897884145455
9,40.90333441922755
6,65.62500773502589
5,107.24124232078904
36,160.91494572486343
130,213.02912646402444
367,258.24121119208974
711,295.0733719318993
351,333.48772656577
198,344.6523582650754
218,368.2894338429849
290,384.31423204451954
278,405.2547045980572
251,424.1567218453583
267,447.62632643332995
383,461.1461666759761
580,434.0077607355371
505,415.6414091094602
332,398.15234847892657
227,348.1814332495402
178,279.21112096642287
162,199.21155912774472
128,134.90320981072466
106,33.05587874031385
87,-24.386736156918438
49,-30.86409460510553
21,-5.24373841022684
7,29.63627728318563
11,91.58157247631178
21,150.38186300528565
78,205.32338650165937
168,263.1797624938764
248,333.5313118549054
320,363.5095077612083
423,405.56243754482654
476,432.66389269889606
525,458.584481998664
555,480.76208952201057
549,496.94819418312477
469,499.10878465642224
403,491.0678224803958
271,449.60407128804565
253,398.3276457464619
172,308.7906753230541
139,240.65341462084126
145,167.9211058893105
133,76.51190857352975
129,18.84745925747754
95,-19.021079954406577
73,-36.19834259021337
46,8.19171236248757
12,51.877461950921145
12,98.52467493347085
15,155.69389920980205
42,211.30086534428062
119,266.14948384271435
204,307.6039032456689
329,326.9082412912991
359,393.7787256122728
442,416.1555623357496
447,426.7122743509465
428,444.93305024815874
407,482.28705344352295
372,434.2599650161667
280,425.6855913738417
276,411.1863304268015
210,379.120482786808
129,323.8975943150165
110,243.36548794772045
74,162.10210459540633
59,102.03668895912112
27,86.03759102128667
19,51.255377585370915
5,50.83229539931432
2,72.49269678130501
12,114.15750531773362
39,166.31493727345216
131,218.3019206631276
386,262.9580537439777
663,294.1043401365876
278,310.96310558947386
139,316.4766844486317
197,345.28891853269477
242,352.2950590783609
251,414.4869699201155
217,432.74741803087466
257,454.5415045211435
380,460.20700324925593
619,426.0539806236623
580,405.6725138655109
406,376.7449605175747
259,323.048143471591
203,266.5618889007654
113,204.71842209433885
74,136.70980918716737
108,0.8651007152753998
69,-30.847023156185394
50,-24.857534118409024
15,-6.698457624974836
5,35.0977015737925
13,84.12022146191993
27,141.68182650523835
63,199.79434716360575
144,237.85805121455215
193,240.6204875668086
256,276.6087043711758
392,335.1368750141535
446,335.19469171950345
509,374.57499810364584
479,399.7495546864566
484,440.9909059246011
443,439.7809386606127
320,387.8637097442035
297,394.0520420796854
249,342.68692851340535
198,310.5203081016116
158,204.45109727139192
147,132.21868010507154
126,80.15260691580272
117,2.634705436971043
94,-23.920630434613205
74,-14.891805004429042
25,-4.137910964167457
7,45.757139529861966
8,107.7631738396486
16,140.97114748494477
31,193.10243037703748
93,256.72811360776075
172,262.1825425211506
293,331.1052770732362
355,316.09195717899223
520,325.69376117563553
431,421.23861700346254
473,464.38304911321546
417,482.42345068905274
443,462.13233427189016
303,311.11496241146654
203,442.73311994062846
174,364.1830764765908
154,321.0649923339897
99,268.40718183613666
96,195.2744170936815
51,112.16063109419648
21,88.60436448382985
13,64.79387357979039
10,61.27830122113579
8,77.00624158206114
5,119.62435457454225
38,169.31671123183202
138,234.41406283273352
396,277.3645760694881
731,328.78356841483065
308,357.5304072503479
136,377.5780075270921
233,393.2908361473299
268,412.6439698617161
321,437.09651699949006
260,513.3070540087673
268,542.0768959276242
442,559.6236334686316
708,501.2225957304608
692,483.6031964644253
471,452.8569404976124
300,353.0937343444447
221,305.83032113116263
144,229.75339776912776
102,159.01657641268
55,100.18020924319747
25,68.24964464168482
8,60.276616945405465
4,75.90203720940292
7,118.51244159963348
46,171.76683382921453
153,229.07197801136897
502,288.9955006096943
721,314.7240160606737
336,360.2307903156301
156,380.08611587964884
207,395.1636426904221
312,414.59034786061426
272,393.55285322241656
270,424.2859661303653
300,485.8439288735947
435,519.1464301086914
743,504.6438423509269
731,486.4733689741205
460,446.72033479606773
306,369.1924831351588
280,305.34412392561126
181,233.08807384505167
96,177.22129589593834
37,123.90976463610096
11,90.0050822985057
9,66.3765100379532
7,84.31684632194933
10,130.5086029002319
49,180.27240491996454
124,143.08013417466447
398,180.3253839331083
759,308.72958240867644
388,330.0046897379723
141,340.30735501498947
172,382.76048314399014
232,394.7644998736399
214,417.69658570936605
218,438.057358994423
285,466.87038057632014
377,478.04975954480085
605,477.514776428519
609,448.81771717509633
414,404.2082420691853
293,342.07938068795477
198,281.92332871713273
105,207.75200396920656
74,134.10501373915895
44,70.3239474723494
16,42.22616873663792
9,41.292334692895174
2,46.251649411858665
9,95.95215781686517
32,149.86143863804267
124,204.6857940128694
389,250.50210867773055
659,284.96453008331076
276,307.757043694188
145,318.55239485570394
178,329.3161088725043
235,349.2943987359926
245,366.8655934822157
212,379.83801179981003
270,411.3856570198871
331,429.5014303634024
617,419.82991406976134
565,392.37653719906336
373,350.13336749240506
227,269.7534588895438
191,211.53973576936875
133,169.75697343589633
93,107.2828033988458
48,57.281781576257806
28,24.971504198060142
11,28.479135240697353
5,54.01785786521681
10,101.65039578464246
26,155.53931316710336
84,209.2942376898746
215,161.84825383913523
441,287.6775699371976
301,311.46373159835844
166,320.3029751993937
203,319.16735218559853
240,323.97915482055333
220,336.2164942998737
215,344.4695327605
303,359.376181726238
375,417.7807343655525
568,418.47978670432667
498,403.70247859834336
352,379.6767775004316
241,218.09961813360277
171,241.89516850116877
165,178.4546556512451
122,117.65414924288967
103,18.161055100101354
100,-17.640545203547898
70,-17.33675598503856
29,15.589097747417213
12,72.43360606188466
6,123.45086288104166
20,185.91095949773614
39,234.64660335556258
111,299.91733070813564
170,333.4524563079147
287,358.34723933373704
404,370.1192643849049
486,369.28876931428863
547,382.1122952118272
542,381.54935132151843
541,458.6061812880378
507,468.8953699434076
345,442.01048518384147
304,435.55289812620185
246,402.3252007665321
182,282.5565571085583
209,214.93786112474962
160,151.7070722724132
162,96.89821682498464
118,44.99845270258914
102,15.653121050635047
78,12.834985186417295
48,37.50656528463743
12,78.0909455418461
8,144.26455655425025
6,104.71794088787543
23,157.75000743212004
69,198.9665065880803
103,334.3959834016079
219,349.88588018072517
250,357.7178205368822
315,369.9889968070887
285,363.2612408274239
232,382.5652285645375
225,228.63646870574033
253,241.29766716466568
229,250.15345863215651
198,250.65889772079692
122,236.11655638983254
108,162.1276108723553
96,194.06674856761023
78,55.41862316576464
51,-21.197754445222678
20,-28.029221047209578
4,49.67010036713075
5,50.280228063810064
4,74.49022176500542
12,118.51543789753153
27,173.75357427971932
123,229.177781575637
294,275.1426260596688
584,313.80678629769085
284,337.2121377244465
133,351.9131128515932
134,214.11383609538424
173,200.1812337510985
220,203.68745460521882
210,388.707123130998
236,414.4650711198072
345,430.67171670946817
616,429.7716506792998
564,408.2329639525049
427,454.0577136659903
300,374.04353771489184
245,273.7059415163965
126,225.15805602856557
84,162.56914639363325
31,0.3425042186864715
8,59.62026993221631
1,45.34604421917707
3,11.534002096872362
8,108.87168778450857
41,108.60512674990474
118,215.23156527979054
380,273.7988564239877
724,291.61746685236744
334,331.24594308158726
154,349.81056402562365
173,323.0020617601647
226,317.4897871391701
254,355.45670401050137
204,369.64717630230206
270,386.7801016241412
358,401.9468671464476
601,411.656437661729
546,403.4163439401283
433,376.1899733835863
257,329.61177630544717
207,268.58609622621447
106,189.9487389603209
64,125.18946290588904
34,67.3510222874616
21,36.31234365404497
9,31.774437580444385
10,46.77820351652936
4,82.86961452841794
37,149.16498625394414
128,202.54004225629984
369,245.2966001042321
688,279.30918627222576
285,302.75035110286564
136,312.39156499314345
172,312.34612768032827
232,330.9631599563741
238,341.73732594376594
225,360.1591287822242
228,368.3395222265765
329,376.7364892161514
561,365.87625125754585
540,362.1820154412745
402,326.49130920900365
268,318.77469181052203
202,229.8171112900959
122,167.91658219700298
79,99.69433430467492
32,52.52723540350968
23,33.14731940708804
8,27.917442266054916
2,52.84250942252708
8,89.90940416634113
33,142.74147274430624
114,206.35564334812497
385,251.3902289868664
679,286.098056495622
325,316.3468397462785
167,336.31366051464664
189,347.3701925225143
282,360.2587042506342
271,373.3438534076901
242,390.76594959336376
280,410.5081136262088
406,426.43249535301175
550,424.60902464695505
466,414.06421497590895
348,371.3115796649625
241,327.77720516781056
213,252.7011685538899
148,174.12116859381675
120,107.90353245464073
47,39.64152976610995
26,13.970464669084073
9,12.798521375485787
12,35.22626370432907
10,84.8338864149822
34,138.03075235103958
113,194.60455032906088
308,247.83659270307436
636,286.77483206800025
343,314.5150085108314
190,327.5544048084603
211,344.75517219598953
273,367.02068453054176
313,378.9324079426377
299,421.01388617655965
309,443.51129337938437
417,451.9288679560441
622,425.7198209467241
455,426.71956669578543
319,394.0220022095547
221,333.79788305728124
172,251.98946965356993
138,177.82370718842986
134,115.57920386612808
94,18.312926400373804
95,-39.38100929876521
69,-39.69157692383066
23,-10.548656048446379
6,27.23787695808304
3,109.54716574616972
11,167.60781651419592
48,214.20760258464253
119,268.89252690515997
220,297.6768232484162
273,346.4347302726062
393,378.4048131229144
453,421.98198131305026
456,432.1597695325811
426,466.3759690113337
447,498.5391740362947
413,497.3211254005829
309,492.7998137561109
272,458.67090287766206
257,388.77859044120765
201,315.00338118634096
184,258.8772886745202
156,178.589186301077
119,101.77617645207567
110,50.31999787183599
96,-66.82735098485863
87,-12.50859657728196
38,7.49873491978922
11,69.50836594299312
9,131.02545951259367
6,195.57603967091768
27,243.62274043942256
88,282.0355739821725
132,309.9148635776118
257,324.91719166285924
295,331.6222308287442
417,375.4615205536126
356,389.6170008882499
310,405.64052052484493
338,413.6132316573971
400,422.34509977076635
243,421.2566962751702
107,288.4384338098145
109,337.0551589901214
122,320.10473276156443
106,226.13634345891876
89,171.9865119981696
33,57.809697873751155
28,79.66133699061533
15,49.468679468026025
5,48.78751645461757
3,70.80566585295705
5,4.241706507510774
24,170.12803736359996
108,214.18026900088347
319,261.6544581162733
592,316.8219168865347
282,342.10540510437903
135,352.7012723289684
170,360.40346746227095
232,365.4460791440176
210,369.03986928644105
181,382.06962100399704
211,404.0079620944846
302,237.79254492871968
495,395.96579055647254
507,398.7191305170663
340,379.22561087363016
200,319.00913094610314
120,266.04721655811727
54,198.04772207215274
47,25.973377412000726
18,86.70707454934168
15,57.615233728227075
7,55.052862634091895
5,79.62865253849856
8,121.28769003093633
36,174.3597776250121
118,220.9443547037337
355,271.74439258705286
662,333.09827325515545
326,364.0953864890036
184,384.4064871030555
269,404.03770186257645
313,254.68909754319924
286,434.790526835373
247,439.34446605017854
246,456.6626172431776
363,463.98572639573234
572,448.93432817838533
525,434.5758539603505
353,398.11268770283914
268,341.06925768540356
168,278.1613878404614
132,192.42449057856328
81,123.96444040122849
41,57.80021953395613
15,28.708283892751968
3,19.17496410867904
5,44.69268627534774
7,85.67818209344003
31,147.64986416492897
112,201.8631876761454
363,257.42702774328217
678,298.2945170521418
317,325.03103913802727
164,353.051709690218
200,380.6550354469678
236,391.7643947455101
213,411.723489552659
218,430.5753965387039
237,448.51914109520453
334,460.6968247342233
562,453.2843393087823
569,432.52914036222546
336,397.8878068860829
241,340.8820956725263
168,263.86351825517323
129,197.88065816414826
88,121.3608261269868
